{"0":{"0":0.390259786,"1":0.2987264803,"2":0.927146456,"3":0.3654342389,"4":0.5388570767,"5":0.8885871696,"6":0.5642331384,"7":0.4767118942,"8":0.8706480887,"9":0.8444150025,"10":0.7306554903,"11":0.1058054122,"12":0.4993078614,"13":0.2393343529,"14":0.6352498067,"15":0.3399846568,"16":0.2407830788,"17":0.3270986236,"18":0.1221183138,"19":0.7847963509,"20":0.6890259023,"21":0.3294540215,"22":0.6891999908,"23":0.1661326889,"24":0.7156394268,"25":0.4146752545,"26":0.8523256872,"27":0.4158899774,"28":0.9964573871,"29":0.4055109874,"30":0.8390467359,"31":0.4424944639,"32":0.3270791147,"33":0.0052770937,"34":0.7270223153,"35":0.0608657309,"36":0.5438118678,"37":0.6348639847,"38":0.8272254196,"39":0.7138325018,"40":0.7249008217,"41":0.3592586965,"42":0.2429897683,"43":0.060977873,"44":0.1940341555,"45":0.5565907138,"46":0.5535136556,"47":0.9943046138,"48":0.9507114464,"49":0.7708434921,"50":0.5234304623,"51":0.3544403566,"52":0.7855666869,"53":0.3758200879,"54":0.7183423751,"55":0.4253675273,"56":0.8910924754,"57":0.3554032847,"58":0.9791892544,"59":0.3052291544,"60":0.4890300877,"61":0.015915769,"62":0.255535503,"63":0.5261616585,"64":0.6717250358,"65":0.3509320074,"66":0.0808718476,"67":0.2341637784,"68":0.6434343428,"69":0.4103147464,"70":0.5223690241,"71":0.1233580675,"72":0.8346448113,"73":0.7190993315,"74":0.6913975515,"75":0.5896716322,"76":0.7393184002,"77":0.7651439662,"78":0.5758992892,"79":0.6976811027,"80":0.7643806666,"81":0.7880487193,"82":0.1818888702,"83":0.3259589006,"84":0.1558957258,"85":0.9718519029,"86":0.992476833,"87":0.0150373672,"88":0.1133443251,"89":0.0537245721,"90":0.0493466267,"91":0.5337173912,"92":0.0990583909,"93":0.1959731255,"94":0.7024592033,"95":0.6456457069,"96":0.9187946566,"97":0.6100538768,"98":0.5177747114,"99":0.7707089662},"1":{"0":0.0628221432,"1":0.750118449,"2":0.5688587969,"3":0.9752590711,"4":0.6662928783,"5":0.4750017663,"6":0.236333949,"7":0.6383187821,"8":0.4929566202,"9":0.3635371171,"10":0.0301863972,"11":0.095061528,"12":0.5613293516,"13":0.4706611333,"14":0.0304340546,"15":0.4163223794,"16":0.5731705574,"17":0.7269661992,"18":0.4961718669,"19":0.6132452071,"20":0.7011268305,"21":0.1949878642,"22":0.5872366224,"23":0.892546019,"24":0.4838616396,"25":0.7931922637,"26":0.0234049881,"27":0.2872128833,"28":0.5831545319,"29":0.9821336208,"30":0.4555253845,"31":0.6328816044,"32":0.1935820435,"33":0.2538498359,"34":0.8122425496,"35":0.0862164597,"36":0.0624373882,"37":0.8859624215,"38":0.4705425911,"39":0.4891999056,"40":0.4944639589,"41":0.6877169268,"42":0.3936227092,"43":0.866811608,"44":0.6638157679,"45":0.4856597669,"46":0.3591832402,"47":0.8435987475,"48":0.9089547008,"49":0.7220873453,"50":0.7220134058,"51":0.199747211,"52":0.3883167778,"53":0.5390444704,"54":0.6387689279,"55":0.6374103804,"56":0.5704154898,"57":0.0070647039,"58":0.2221578153,"59":0.4263903968,"60":0.2595888125,"61":0.696041583,"62":0.0514031284,"63":0.3301325003,"64":0.8484396154,"65":0.9136878043,"66":0.9496289496,"67":0.0707150065,"68":0.0410724077,"69":0.4090594966,"70":0.9770282799,"71":0.9119306431,"72":0.8018195086,"73":0.398725465,"74":0.7839190102,"75":0.5370806001,"76":0.2610013368,"77":0.2542671701,"78":0.6203437759,"79":0.088469404,"80":0.1573951016,"81":0.1240137709,"82":0.465316742,"83":0.6724584343,"84":0.2235868645,"85":0.7206289631,"86":0.3496775741,"87":0.9347493241,"88":0.7139892009,"89":0.9115951057,"90":0.2637165916,"91":0.6456226021,"92":0.1832517472,"93":0.0008274932,"94":0.9783009182,"95":0.8549611087,"96":0.8929793956,"97":0.0993886067,"98":0.3858255415,"99":0.6710828834},"2":{"0":0.7419166608,"1":0.3497581183,"2":0.5019065648,"3":0.2836070618,"4":0.0414431414,"5":0.007007322,"6":0.2926062952,"7":0.0129451773,"8":0.9227960299,"9":0.1076067967,"10":0.35731571,"11":0.0284779705,"12":0.8067355178,"13":0.1819314293,"14":0.981344399,"15":0.9347675742,"16":0.7221895892,"17":0.5411582245,"18":0.3356018612,"19":0.1958728316,"20":0.7176681816,"21":0.9507028647,"22":0.9157765288,"23":0.2149004016,"24":0.8937543383,"25":0.1518062257,"26":0.0306935531,"27":0.2817378211,"28":0.6263059615,"29":0.0865581427,"30":0.5507038569,"31":0.2171644287,"32":0.6926848361,"33":0.173323823,"34":0.0675353877,"35":0.4827047849,"36":0.5900453668,"37":0.2418082823,"38":0.5486680778,"39":0.0801172672,"40":0.2653733375,"41":0.7788325233,"42":0.9047422928,"43":0.7312083885,"44":0.6000991288,"45":0.2438678509,"46":0.9013446477,"47":0.1760436245,"48":0.2870594504,"49":0.113020723,"50":0.7955211438,"51":0.491879505,"52":0.1369871007,"53":0.4722504245,"54":0.7764799642,"55":0.5207115276,"56":0.2406319333,"57":0.3799404237,"58":0.9047340539,"59":0.6392749912,"60":0.9594599203,"61":0.7009515329,"62":0.2066910654,"63":0.6819491889,"64":0.1679172128,"65":0.3558342975,"66":0.6144355839,"67":0.579907825,"68":0.9679611921,"69":0.4468382456,"70":0.1949852256,"71":0.0875599394,"72":0.9140270803,"73":0.7945374,"74":0.1288102691,"75":0.0801044499,"76":0.6866338015,"77":0.9734956011,"78":0.6340072014,"79":0.7644760062,"80":0.8916787509,"81":0.778342273,"82":0.2194464252,"83":0.3751819864,"84":0.2614722287,"85":0.362621523,"86":0.5481018193,"87":0.2873973484,"88":0.4586338575,"89":0.2083930109,"90":0.2439548941,"91":0.5475662597,"92":0.3422783499,"93":0.2502813631,"94":0.1756683221,"95":0.6057428069,"96":0.1322403461,"97":0.8564549653,"98":0.9969484878,"99":0.4112388639},"3":{"0":0.9403361516,"1":0.7704462599,"2":0.297194183,"3":0.8346251692,"4":0.9104549466,"5":0.3958373256,"6":0.7065527252,"7":0.273492284,"8":0.9675662376,"9":0.4438562427,"10":0.4299799131,"11":0.2935211589,"12":0.7908661774,"13":0.3528846562,"14":0.2700098562,"15":0.4218407569,"16":0.2897898882,"17":0.2023603649,"18":0.7426182982,"19":0.4752957296,"20":0.3607890886,"21":0.7224294314,"22":0.5867009233,"23":0.2426769486,"24":0.4859473644,"25":0.0527234687,"26":0.9307078801,"27":0.8582932728,"28":0.9641757032,"29":0.6391503056,"30":0.9001570187,"31":0.7975916512,"32":0.2573069378,"33":0.2559852438,"34":0.2751810219,"35":0.6963170595,"36":0.5957182969,"37":0.9714862214,"38":0.8429004884,"39":0.430495754,"40":0.7215949947,"41":0.7456327534,"42":0.2870423222,"43":0.9757368415,"44":0.1881362626,"45":0.7973113961,"46":0.2288426977,"47":0.3619221505,"48":0.7188041348,"49":0.8722340177,"50":0.6628768357,"51":0.792794122,"52":0.6694973138,"53":0.7740313728,"54":0.6955508931,"55":0.8305887296,"56":0.256982003,"57":0.6358049004,"58":0.3569549244,"59":0.4756289462,"60":0.3142855735,"61":0.7008159416,"62":0.8867029841,"63":0.4190882533,"64":0.6792929899,"65":0.0521976334,"66":0.3262963614,"67":0.4545757754,"68":0.0607313852,"69":0.5020891287,"70":0.5465301515,"71":0.3501292398,"72":0.1802187706,"73":0.1720714725,"74":0.0807353113,"75":0.3855306223,"76":0.5342283982,"77":0.9408884879,"78":0.8326088094,"79":0.9333312595,"80":0.6450544628,"81":0.0085062504,"82":0.9835189348,"83":0.1245684319,"84":0.0890524974,"85":0.3826171152,"86":0.3016416135,"87":0.4151131831,"88":0.4557567804,"89":0.9697039931,"90":0.2949256105,"91":0.0220988403,"92":0.1926278956,"93":0.2306768736,"94":0.4736723217,"95":0.0751837537,"96":0.9088433809,"97":0.334932725,"98":0.1435329374,"99":0.7303837346},"4":{"0":0.9984538603,"1":0.3157732272,"2":0.8976304487,"3":0.8883015516,"4":0.5794083383,"5":0.810838891,"6":0.7161513461,"7":0.0556147631,"8":0.8765557663,"9":0.3647869937,"10":0.3360781972,"11":0.7020124551,"12":0.8142248535,"13":0.6971694816,"14":0.3061939303,"15":0.2068933029,"16":0.7082617656,"17":0.3762528952,"18":0.9886402251,"19":0.3859924762,"20":0.7365312091,"21":0.8831725967,"22":0.118508918,"23":0.8527162732,"24":0.1963147465,"25":0.0017860353,"26":0.8983906054,"27":0.6091595622,"28":0.4201258293,"29":0.7529620147,"30":0.4389124465,"31":0.0620226862,"32":0.6967675296,"33":0.7326315106,"34":0.7916297846,"35":0.6473361134,"36":0.9610191617,"37":0.6900631997,"38":0.8018794246,"39":0.8269841282,"40":0.1461499653,"41":0.8575970027,"42":0.1160148711,"43":0.2905704453,"44":0.2995305054,"45":0.8222687792,"46":0.4745683993,